No.,Player,Pos,Ht,Wt,Birth Date,...7,Exp,College,team
55,Duncan Robinson,SG,6-7,215,"April 22, 1994",us,3,"Williams, Michigan",Miami Heat
17,P.J. Tucker,PF,6-5,245,"May 5, 1985",us,10,Texas,Miami Heat
31,Max Strus,SF,6-5,215,"March 28, 1996",us,2,"Lewis (IL), DePaul",Miami Heat
2,Gabe Vincent,PG,6-3,200,"June 14, 1996",us,2,UC Santa Barbara,Miami Heat
21,Dewayne Dedmon,C,7-0,245,"August 12, 1989",us,8,USC,Miami Heat
14,Tyler Herro,SG,6-5,195,"January 20, 2000",us,2,Kentucky,Miami Heat
7,Kyle Lowry,PG,6-0,196,"March 25, 1986",us,15,Villanova,Miami Heat
16,Caleb Martin,SF,6-5,205,"September 28, 1995",us,2,"NC State, Nevada",Miami Heat
22,Jimmy Butler,SF,6-7,230,"September 14, 1989",us,10,Marquette,Miami Heat
13,Bam Adebayo,C,6-9,255,"July 18, 1997",us,4,Kentucky,Miami Heat
77,Omer Yurtseven,C,7-0,264,"June 19, 1998",tr,R,"NC State, Georgetown",Miami Heat
24,Haywood Highsmith,SF,6-7,220,"December 9, 1996",us,1,Wheeling University,Miami Heat
8,Markieff Morris,PF,6-9,245,"September 2, 1989",us,10,Kansas,Miami Heat
40,Udonis Haslem,C,6-8,235,"June 9, 1980",us,18,Florida,Miami Heat
4,Victor Oladipo,SG,6-4,213,"May 4, 1992",us,8,Indiana,Miami Heat
15,Javonte Smart  (TW),PG,6-4,205,"June 3, 1999",us,R,LSU,Miami Heat
12,Mychal Mulder  (TW),PG,6-3,184,"June 12, 1994",ca,2,"Vincennes University, Kentucky",Miami Heat
12,Grant Williams,PF,6-6,236,"November 30, 1998",us,2,Tennessee,Boston Celtics
0,Jayson Tatum,SF,6-8,210,"March 3, 1998",us,4,Duke,Boston Celtics
36,Marcus Smart,PG,6-3,220,"March 6, 1994",us,7,Oklahoma State,Boston Celtics
11,Payton Pritchard,SG,6-1,195,"January 28, 1998",us,1,Oregon,Boston Celtics
42,Al Horford,C,6-9,240,"June 3, 1986",do,14,Florida,Boston Celtics
7,Jaylen Brown,SF,6-6,223,"October 24, 1996",us,5,California,Boston Celtics
44,Robert Williams,C,6-8,237,"October 17, 1997",us,3,Texas A&M,Boston Celtics
26,Aaron Nesmith,SF,6-5,215,"October 16, 1999",us,1,Vanderbilt,Boston Celtics
9,Derrick White,SG,6-4,190,"July 2, 1994",us,4,"Colorado-Colorado Springs, Colorado",Boston Celtics
30,Sam Hauser,SF,6-8,215,"December 8, 1997",us,R,"Marquette, Virginia",Boston Celtics
27,Daniel Theis,C,6-8,245,"April 4, 1992",de,4,,Boston Celtics
40,Luke Kornet,C,7-2,250,"July 15, 1995",us,4,Vanderbilt,Boston Celtics
97,Brodric Thomas  (TW),SG,6-5,185,"January 28, 1997",us,1,Truman State University,Boston Celtics
8,Malik Fitts,PF,6-8,230,"July 4, 1997",us,1,"South Florida, Saint Mary's",Boston Celtics
13,Nik Stauskas,SG,6-6,205,"October 7, 1993",ca,5,Michigan,Boston Celtics
37,Matt Ryan  (TW),SF,6-7,215,"April 17, 1997",us,R,"Notre Dame, Vanderbilt, Chattanooga",Boston Celtics
4,Juwan Morgan,PF,6-7,232,"April 17, 1997",us,2,Indiana,Boston Celtics
9,Bobby Portis,C,6-10,250,"February 10, 1995",us,6,Arkansas,Milwaukee Bucks
34,Giannis Antetokounmpo,PF,6-11,242,"December 6, 1994",gr,8,,Milwaukee Bucks
21,Jrue Holiday,PG,6-3,205,"June 12, 1990",us,12,UCLA,Milwaukee Bucks
22,Khris Middleton,SF,6-7,222,"August 12, 1991",us,9,Texas A&M,Milwaukee Bucks
7,Grayson Allen,SG,6-4,198,"October 8, 1995",us,3,Duke,Milwaukee Bucks
24,Pat Connaughton,SG,6-5,209,"January 6, 1993",us,6,Notre Dame,Milwaukee Bucks
13,Jordan Nwora,SF,6-8,225,"September 9, 1998",us,1,Louisville,Milwaukee Bucks
3,George Hill,SG,6-4,188,"May 4, 1986",us,13,IUPUI,Milwaukee Bucks
23,Wesley Matthews,SG,6-4,220,"October 14, 1986",us,12,Marquette,Milwaukee Bucks
43,Thanasis Antetokounmpo,SF,6-6,219,"July 18, 1992",gr,3,,Milwaukee Bucks
54,Sandro Mamukelashvili  (TW),PF,6-11,240,"May 23, 1999",us,R,Seton Hall,Milwaukee Bucks
5,Jevon Carter,PG,6-1,200,"September 14, 1995",us,3,West Virginia,Milwaukee Bucks
25,Serge Ibaka,PF,6-10,235,"September 18, 1989",cg,12,,Milwaukee Bucks
28,Lindell Wigginton  (TW),PG,6-2,189,"March 28, 1998",ca,R,Iowa State,Milwaukee Bucks
11,Brook Lopez,C,7-0,282,"April 1, 1988",us,13,Stanford,Milwaukee Bucks
59,Rayjon Tucker,SG,6-3,209,"September 24, 1997",us,2,"Florida Gulf Coast, Little Rock",Milwaukee Bucks
6,Luca Vildoza,PG,6-3,190,"August 11, 1995",ar,R,,Milwaukee Bucks
20,Georges Niang,PF,6-7,230,"June 17, 1993",us,5,Iowa State,Philadelphia 76ers
0,Tyrese Maxey,PG,6-2,200,"November 4, 2000",us,1,Kentucky,Philadelphia 76ers
12,Tobias Harris,PF,6-8,226,"July 15, 1992",us,10,Tennessee,Philadelphia 76ers
21,Joel Embiid,C,7-0,280,"March 16, 1994",cm,5,Kansas,Philadelphia 76ers
30,Furkan Korkmaz,SG,6-7,202,"July 24, 1997",tr,4,,Philadelphia 76ers
22,Matisse Thybulle,SG,6-5,201,"March 4, 1997",us,2,Washington,Philadelphia 76ers
14,Danny Green,SF,6-6,215,"June 22, 1987",us,12,UNC,Philadelphia 76ers
18,Shake Milton,PG,6-5,205,"September 26, 1996",us,3,SMU,Philadelphia 76ers
7,Isaiah Joe,SG,6-4,165,"July 2, 1999",us,1,Arkansas,Philadelphia 76ers
44,Paul Reed,C,6-9,210,"June 14, 1999",us,1,DePaul,Philadelphia 76ers
23,Charles Bassey,PF,6-11,235,"October 28, 2000",ng,R,Western Kentucky,Philadelphia 76ers
1,James Harden,SG,6-5,220,"August 26, 1989",us,12,Arizona State,Philadelphia 76ers
16,Charlie Brown Jr.,SG,6-6,199,"February 2, 1997",us,2,Saint Joseph's,Philadelphia 76ers
9,DeAndre Jordan,C,6-11,265,"July 21, 1988",us,13,Texas A&M,Philadelphia 76ers
5,Myles Powell  (TW),PG,6-2,195,"July 7, 1997",us,R,Seton Hall,Philadelphia 76ers
8,Paul Millsap,PF,6-7,257,"February 10, 1985",us,15,Louisiana Tech,Philadelphia 76ers
11,Jaden Springer,SG,6-4,204,"September 25, 2002",us,R,Tennessee,Philadelphia 76ers
25,Chris Boucher,PF,6-9,200,"January 11, 1993",lc,4,Oregon,Toronto Raptors
4,Scottie Barnes,PF,6-9,227,"August 1, 2001",us,R,Florida State,Toronto Raptors
5,Precious Achiuwa,C,6-8,225,"September 19, 1999",ng,1,Memphis,Toronto Raptors
33,Gary Trent Jr.,SG,6-5,209,"January 18, 1999",us,3,Duke,Toronto Raptors
43,Pascal Siakam,PF,6-9,230,"April 2, 1994",cm,5,New Mexico State,Toronto Raptors
23,Fred VanVleet,PG,6-1,197,"February 25, 1994",us,5,Wichita State,Toronto Raptors
45,Dalano Banton,PG,6-9,204,"November 7, 1999",ca,R,Nebraska,Toronto Raptors
14,Svi Mykhailiuk,SF,6-7,205,"June 10, 1997",ua,3,Kansas,Toronto Raptors
24,Khem Birch,C,6-9,233,"September 28, 1992",ca,4,"Pitt, UNLV",Toronto Raptors
3,OG Anunoby,SF,6-7,232,"July 17, 1997",gb,4,Indiana,Toronto Raptors
22,Malachi Flynn,PG,6-1,175,"May 10, 1998",us,1,"Washington State, San Diego State",Toronto Raptors
18,Yuta Watanabe,SF,6-9,215,"October 13, 1994",jp,3,George Washington,Toronto Raptors
11,Justin Champagnie  (TW),SF,6-6,200,"June 29, 2001",us,R,Pitt,Toronto Raptors
21,Thaddeus Young,PF,6-8,235,"June 21, 1988",us,14,Georgia Tech,Toronto Raptors
17,Isaac Bonga,SF,6-8,180,"November 8, 1999",de,3,,Toronto Raptors
1,Armoni Brooks,PG,6-3,195,"June 5, 1998",us,1,Houston,Toronto Raptors
13,David Johnson  (TW),SG,6-5,210,"February 26, 2001",us,R,Louisville,Toronto Raptors
12,Ayo Dosunmu,SG,6-5,200,"January 17, 2000",us,R,Illinois,Chicago Bulls
11,DeMar DeRozan,PF,6-6,220,"August 7, 1989",us,12,USC,Chicago Bulls
9,Nikola Vučević,C,6-10,260,"October 24, 1990",ch,10,USC,Chicago Bulls
8,Zach LaVine,SF,6-5,200,"March 10, 1995",us,7,UCLA,Chicago Bulls
7,Troy Brown Jr.,SF,6-6,215,"July 28, 1999",us,3,Oregon,Chicago Bulls
24,Javonte Green,SF,6-4,205,"July 23, 1993",us,2,Radford,Chicago Bulls
0,Coby White,PG,6-5,195,"February 16, 2000",us,2,UNC,Chicago Bulls
13,Tony Bradley,C,6-10,248,"January 8, 1998",us,4,UNC,Chicago Bulls
5,Derrick Jones Jr.,PF,6-5,210,"February 15, 1997",us,5,UNLV,Chicago Bulls
6,Alex Caruso,SG,6-4,186,"February 28, 1994",us,4,Texas A&M,Chicago Bulls
21,Matt Thomas,SG,6-4,190,"August 4, 1994",us,2,Iowa State,Chicago Bulls
2,Lonzo Ball,PG,6-6,190,"October 27, 1997",us,4,UCLA,Chicago Bulls
3,Tristan Thompson,PF,6-9,254,"March 13, 1991",ca,10,Texas,Chicago Bulls
25,Tyler Cook  (TW),PF,6-8,255,"September 23, 1997",us,2,Iowa,Chicago Bulls
44,Patrick Williams,PF,6-7,215,"August 26, 2001",us,1,Florida State,Chicago Bulls
14,Malcolm Hill  (TW),SF,6-6,220,"October 26, 1995",us,R,Illinois,Chicago Bulls
19,Marko Simonovic,C,6-11,216,"October 15, 1999",me,R,,Chicago Bulls
8,Patty Mills,PG,6-1,180,"August 11, 1988",au,12,Saint Mary's,Brooklyn Nets
1,Bruce Brown,SF,6-4,202,"August 15, 1996",us,3,Miami (FL),Brooklyn Nets
24,Cam Thomas,SG,6-4,210,"October 13, 2001",jp,R,LSU,Brooklyn Nets
2,Blake Griffin,PF,6-9,250,"March 16, 1989",us,11,Oklahoma,Brooklyn Nets
7,Kevin Durant,PF,6-10,240,"September 29, 1988",us,13,Texas,Brooklyn Nets
14,Kessler Edwards,SF,6-8,215,"August 9, 2000",us,R,Pepperdine,Brooklyn Nets
21,LaMarcus Aldridge,C,6-11,250,"July 19, 1985",us,15,Texas,Brooklyn Nets
33,Nic Claxton,C,6-11,215,"April 17, 1999",us,2,Georgia,Brooklyn Nets
20,Day'Ron Sharpe,PF,6-11,265,"November 6, 2001",us,R,UNC,Brooklyn Nets
11,Kyrie Irving,PG,6-2,195,"March 23, 1992",au,10,Duke,Brooklyn Nets
"0, 4",Andre Drummond,C,6-10,279,"August 10, 1993",us,9,UConn,Brooklyn Nets
6,David Duke Jr.  (TW),PG,6-5,205,"October 13, 1999",us,R,Providence,Brooklyn Nets
30,Seth Curry,SG,6-2,185,"August 23, 1990",us,7,"Liberty, Duke",Brooklyn Nets
9,Goran Dragić,PG,6-3,190,"May 6, 1986",si,13,,Brooklyn Nets
12,Joe Harris,SF,6-6,220,"September 6, 1991",us,7,Virginia,Brooklyn Nets
,Ben Simmons,PG,6-11,240,"July 20, 1996",au,4,LSU,Brooklyn Nets
0,Kevin Love,PF,6-8,251,"September 7, 1988",us,13,UCLA,Cleveland Cavaliers
4,Evan Mobley,PF,7-0,215,"June 18, 2001",us,R,USC,Cleveland Cavaliers
10,Darius Garland,PG,6-1,192,"January 26, 2000",us,2,Vanderbilt,Cleveland Cavaliers
35,Isaac Okoro,SF,6-5,225,"January 26, 2001",us,1,Auburn,Cleveland Cavaliers
16,Cedi Osman,SF,6-7,230,"April 8, 1995",mk,4,,Cleveland Cavaliers
8,Lamar Stevens,PF,6-6,230,"July 9, 1997",us,1,Penn State,Cleveland Cavaliers
24,Lauri Markkanen,PF,7-0,240,"May 22, 1997",fi,4,Arizona,Cleveland Cavaliers
31,Jarrett Allen,C,6-11,243,"April 21, 1998",us,4,Texas,Cleveland Cavaliers
32,Dean Wade,PF,6-9,228,"November 20, 1996",us,2,Kansas State,Cleveland Cavaliers
9,Dylan Windler,SF,6-6,196,"September 22, 1996",us,1,Belmont,Cleveland Cavaliers
"00, 26",Brandon Goodwin  (TW),PG,6-0,180,"October 2, 1995",us,3,"Central Florida, Florida Gulf Coast",Cleveland Cavaliers
21,Ed Davis,C,6-9,218,"June 5, 1989",us,11,UNC,Cleveland Cavaliers
1,Rajon Rondo,PG,6-1,180,"February 22, 1986",us,15,Kentucky,Cleveland Cavaliers
3,Caris LeVert,SG,6-6,205,"August 25, 1994",us,5,Michigan,Cleveland Cavaliers
6,Moses Brown,C,7-2,245,"October 13, 1999",us,2,UCLA,Cleveland Cavaliers
5,RJ Nembhard Jr.  (TW),SG,6-5,200,"March 22, 1999",us,R,TCU,Cleveland Cavaliers
2,Collin Sexton,SG,6-1,190,"January 4, 1999",us,3,Alabama,Cleveland Cavaliers
0,Delon Wright,SG,6-5,185,"April 26, 1992",us,6,Utah,Atlanta Hawks
11,Trae Young,PG,6-1,164,"September 19, 1998",us,3,Oklahoma,Atlanta Hawks
3,Kevin Huerter,SG,6-7,190,"August 27, 1998",us,3,Maryland,Atlanta Hawks
15,Clint Capela,C,6-10,240,"May 18, 1994",ch,7,,Atlanta Hawks
8,Danilo Gallinari,PF,6-10,233,"August 8, 1988",it,12,,Atlanta Hawks
13,Bogdan Bogdanović,SG,6-6,220,"August 18, 1992",rs,4,,Atlanta Hawks
6,Lou Williams,PG,6-1,175,"October 27, 1986",us,16,,Atlanta Hawks
20,John Collins,PF,6-9,235,"September 23, 1997",us,4,Wake Forest,Atlanta Hawks
12,De'Andre Hunter,SF,6-8,225,"December 2, 1997",us,2,Virginia,Atlanta Hawks
7,Timothé Luwawu-Cabarrot,SF,6-7,220,"May 9, 1995",fr,5,,Atlanta Hawks
17,Onyeka Okongwu,C,6-8,235,"December 11, 2000",us,1,USC,Atlanta Hawks
10,Gorgui Dieng,C,6-10,252,"January 18, 1990",sn,8,Louisville,Atlanta Hawks
4,Skylar Mays,SG,6-4,205,"September 5, 1997",us,1,LSU,Atlanta Hawks
1,Jalen Johnson,PF,6-9,220,"December 18, 2001",us,R,Duke,Atlanta Hawks
5,Kevin Knox,SF,6-7,215,"August 11, 1999",us,3,Kentucky,Atlanta Hawks
2,Sharife Cooper  (TW),PG,6-1,180,"June 11, 2001",us,R,Auburn,Atlanta Hawks
45,Chaundee Brown Jr.  (TW),SG,6-5,215,"December 4, 1998",us,R,"Wake Forest, Michigan",Atlanta Hawks
0,Miles Bridges,PF,6-6,225,"March 21, 1998",us,3,Michigan State,Charlotte Hornets
12,Kelly Oubre Jr.,SF,6-7,203,"December 9, 1995",us,6,Kansas,Charlotte Hornets
2,LaMelo Ball,PG,6-7,180,"August 22, 2001",us,1,,Charlotte Hornets
3,Terry Rozier,SG,6-1,190,"March 17, 1994",us,6,Louisville,Charlotte Hornets
24,Mason Plumlee,C,6-11,254,"March 5, 1990",us,8,Duke,Charlotte Hornets
11,Cody Martin,SF,6-5,205,"September 28, 1995",us,2,"NC State, Nevada",Charlotte Hornets
25,P.J. Washington,PF,6-7,230,"August 23, 1998",us,2,Kentucky,Charlotte Hornets
6,Jalen McDaniels,SF,6-9,205,"January 31, 1998",us,2,San Diego State,Charlotte Hornets
14,Nick Richards,C,7-0,245,"November 29, 1997",jm,1,Kentucky,Charlotte Hornets
20,Gordon Hayward,SF,6-7,225,"March 23, 1990",us,11,Butler,Charlotte Hornets
21,JT Thor,PF,6-10,205,"August 26, 2002",us,R,Auburn,Charlotte Hornets
5,James Bouknight,SG,6-5,190,"September 18, 2000",us,R,UConn,Charlotte Hornets
8,Montrezl Harrell,C,6-7,240,"January 26, 1994",us,6,Louisville,Charlotte Hornets
23,Kai Jones,C,6-11,218,"January 19, 2001",bs,R,Texas,Charlotte Hornets
4,Isaiah Thomas,PG,5-9,185,"February 7, 1989",us,10,Washington,Charlotte Hornets
16,Scottie Lewis  (TW),SG,6-5,189,"March 12, 2000",us,R,Florida,Charlotte Hornets
98,Arnoldas Kulboka  (TW),SF,6-9,198,"January 4, 1998",lt,R,,Charlotte Hornets
18,Alec Burks,SG,6-6,214,"July 20, 1991",us,10,Colorado,New York Knicks
13,Evan Fournier,SG,6-7,205,"October 29, 1992",fr,9,,New York Knicks
5,Immanuel Quickley,PG,6-3,190,"June 17, 1999",us,1,Kentucky,New York Knicks
30,Julius Randle,PF,6-8,250,"November 29, 1994",us,7,Kentucky,New York Knicks
1,Obi Toppin,PF,6-9,220,"March 4, 1998",us,1,Dayton,New York Knicks
23,Mitchell Robinson,C,7-0,240,"April 1, 1998",us,3,Western Kentucky,New York Knicks
9,RJ Barrett,SF,6-6,214,"June 14, 2000",ca,2,Duke,New York Knicks
67,Taj Gibson,C,6-9,232,"June 24, 1985",us,12,USC,New York Knicks
6,Quentin Grimes,SG,6-5,205,"May 8, 2000",us,R,"Kansas, Houston",New York Knicks
45,Jericho Sims  (TW),PF,6-10,245,"October 20, 1998",us,R,Texas,New York Knicks
2,Miles McBride,PG,6-2,200,"September 8, 2000",us,R,West Virginia,New York Knicks
8,Kemba Walker,PG,6-0,184,"May 8, 1990",us,10,UConn,New York Knicks
4,Derrick Rose,PG,6-2,200,"October 4, 1988",us,12,Memphis,New York Knicks
3,Nerlens Noel,C,6-11,220,"April 10, 1994",us,7,Kentucky,New York Knicks
21,Cam Reddish,SF,6-8,218,"September 1, 1999",us,2,Duke,New York Knicks
51,Ryan Arcidiacono,PG,6-3,195,"March 26, 1994",us,4,Villanova,New York Knicks
16,Feron Hunt  (TW),SF,6-8,195,"July 5, 1999",us,R,SMU,New York Knicks
9,Deni Avdija,SF,6-9,210,"January 3, 2001",il,1,,Washington Wizards
1,Kentavious Caldwell-Pope,SG,6-5,204,"February 18, 1993",us,8,Georgia,Washington Wizards
24,Corey Kispert,SF,6-7,220,"March 3, 1999",us,R,Gonzaga,Washington Wizards
21,Daniel Gafford,C,6-10,234,"October 1, 1998",us,2,Arkansas,Washington Wizards
19,Raul Neto,PG,6-1,180,"May 19, 1992",br,6,,Washington Wizards
33,Kyle Kuzma,PF,6-9,221,"July 24, 1995",us,4,Utah,Washington Wizards
16,Anthony Gill,PF,6-7,230,"October 17, 1992",us,1,"South Carolina, Virginia",Washington Wizards
8,Rui Hachimura,PF,6-8,230,"February 8, 1998",jp,2,Gonzaga,Washington Wizards
3,Bradley Beal,SG,6-4,207,"June 28, 1993",us,9,Florida,Washington Wizards
4,Ish Smith,PG,6-0,175,"July 5, 1988",us,11,Wake Forest,Washington Wizards
13,Thomas Bryant,C,6-10,248,"July 31, 1997",us,4,Indiana,Washington Wizards
31,Tomáš Satoranský,SG,6-7,210,"October 30, 1991",cz,5,,Washington Wizards
6,Kristaps Porziņģis,PF,7-3,240,"August 2, 1995",lv,5,,Washington Wizards
14,Isaiah Todd,PF,6-10,220,"October 17, 2001",us,R,,Washington Wizards
5,Cassius Winston  (TW),PG,6-1,185,"February 28, 1998",us,1,Michigan State,Washington Wizards
20,Jordan Schakel  (TW),SG,6-6,200,"June 13, 1998",us,R,San Diego State,Washington Wizards
22,Vernon Carey Jr.,C,6-9,270,"February 25, 2001",us,1,Duke,Washington Wizards
12,Oshae Brissett,SF,6-7,210,"June 20, 1998",ca,2,Syracuse,Indiana Pacers
3,Chris Duarte,SG,6-6,190,"June 13, 1997",ca,R,Oregon,Indiana Pacers
88,Goga Bitadze,C,6-11,250,"July 20, 1999",ge,2,,Indiana Pacers
4,Duane Washington Jr.,PG,6-3,210,"March 24, 2000",de,R,Ohio State,Indiana Pacers
33,Myles Turner,C,6-11,250,"March 24, 1996",us,6,Texas,Indiana Pacers
6,Lance Stephenson,SG,6-6,230,"September 5, 1990",us,9,Cincinnati,Indiana Pacers
7,Malcolm Brogdon,PG,6-5,229,"December 11, 1992",us,5,Virginia,Indiana Pacers
23,Isaiah Jackson,PF,6-10,206,"January 10, 2002",us,R,Kentucky,Indiana Pacers
32,Terry Taylor,SG,6-5,230,"September 23, 1999",us,R,Austin Peay State University,Indiana Pacers
9,T.J. McConnell,PG,6-1,190,"March 25, 1992",us,6,"Duquesne, Arizona",Indiana Pacers
24,Buddy Hield,SG,6-4,220,"December 17, 1992",bs,5,Oklahoma,Indiana Pacers
0,Tyrese Haliburton,PG,6-5,185,"February 29, 2000",us,1,Iowa State,Indiana Pacers
25,Jalen Smith,PF,6-10,215,"March 16, 2000",us,1,Maryland,Indiana Pacers
8,Gabe York  (TW),SG,6-3,185,"August 2, 1993",us,R,Arizona,Indiana Pacers
14,Nate Hinton  (TW),SG,6-5,210,"June 8, 1999",us,1,Houston,Indiana Pacers
NA,Ricky Rubio,PG,6-2,190,"October 21, 1990",es,10,,Indiana Pacers
NA,T.J. Warren,SF,6-8,220,"September 5, 1993",us,7,NC State,Indiana Pacers
41,Saddiq Bey,SF,6-7,215,"April 9, 1999",us,1,Villanova,Detroit Pistons
28,Isaiah Stewart,C,6-8,250,"May 22, 2001",us,1,Washington,Detroit Pistons
7,Killian Hayes,PG,6-5,195,"July 27, 2001",us,1,,Detroit Pistons
18,Cory Joseph,PG,6-3,200,"August 20, 1991",ca,10,Texas,Detroit Pistons
2,Cade Cunningham,PG,6-6,220,"September 25, 2001",us,R,Oklahoma State,Detroit Pistons
6,Hamidou Diallo,SG,6-5,202,"July 31, 1998",us,3,Kentucky,Detroit Pistons
5,Frank Jackson,PG,6-3,205,"May 4, 1998",us,3,Duke,Detroit Pistons
17,Rodney McGruder,SG,6-4,205,"July 29, 1991",us,5,Kansas State,Detroit Pistons
9,Jerami Grant,PF,6-8,210,"March 12, 1994",us,7,Syracuse,Detroit Pistons
13,Kelly Olynyk,C,6-11,240,"April 19, 1991",ca,8,Gonzaga,Detroit Pistons
38,Saben Lee,PG,6-2,183,"June 23, 1999",us,1,Vanderbilt,Detroit Pistons
55,Luka Garza,C,6-11,235,"December 27, 1998",us,R,Iowa,Detroit Pistons
12,Isaiah Livers,SF,6-7,230,"July 28, 1998",us,R,Michigan,Detroit Pistons
35,Marvin Bagley III,PF,6-11,235,"March 14, 1999",us,3,Duke,Detroit Pistons
24,Jamorko Pickett  (TW),PF,6-9,206,"December 24, 1997",us,R,Georgetown,Detroit Pistons
8,Braxton Key  (TW),SF,6-8,230,"February 14, 1997",us,R,"Alabama, Virginia",Detroit Pistons
20,Carsen Edwards,SG,5-11,200,"March 12, 1998",us,2,Purdue,Detroit Pistons
22,Franz Wagner,SF,6-9,225,"August 27, 2001",de,R,Michigan,Orlando Magic
5,Mo Bamba,C,7-0,231,"May 12, 1998",us,3,Texas,Orlando Magic
3,Chuma Okeke,PF,6-6,229,"August 18, 1998",us,1,Auburn,Orlando Magic
50,Cole Anthony,PG,6-2,185,"May 15, 2000",us,1,UNC,Orlando Magic
13,R.J. Hampton,SG,6-4,175,"February 7, 2001",us,1,,Orlando Magic
31,Terrence Ross,SG,6-6,206,"February 5, 1991",us,9,Washington,Orlando Magic
21,Moritz Wagner,C,6-11,245,"April 26, 1997",de,3,Michigan,Orlando Magic
34,Wendell Carter Jr.,C,6-10,270,"April 16, 1999",us,3,Duke,Orlando Magic
14,Gary Harris,SG,6-4,210,"September 14, 1994",us,7,Michigan State,Orlando Magic
4,Jalen Suggs,PG,6-4,205,"June 3, 2001",us,R,Gonzaga,Orlando Magic
17,Ignas Brazdeikis  (TW),SF,6-6,221,"January 8, 1999",lt,2,Michigan,Orlando Magic
25,Admiral Schofield  (TW),SF,6-5,241,"March 30, 1997",gb,1,Tennessee,Orlando Magic
33,Robin Lopez,C,7-0,281,"April 1, 1988",us,13,Stanford,Orlando Magic
20,Markelle Fultz,PG,6-3,209,"May 29, 1998",us,4,Washington,Orlando Magic
30,Devin Cannady,PG,6-2,183,"May 21, 1996",us,1,Princeton,Orlando Magic
NA,Jonathan Isaac,PF,6-11,230,"October 3, 1997",us,3,Florida State,Orlando Magic
NA,Bol Bol,PF,7-2,220,"November 16, 1999",sd,2,Oregon,Orlando Magic
25,Mikal Bridges,SF,6-6,209,"August 30, 1996",us,3,Villanova,Phoenix Suns
0,JaVale McGee,C,7-0,270,"January 19, 1988",us,13,Nevada,Phoenix Suns
14,Landry Shamet,SG,6-4,190,"March 13, 1997",us,3,Wichita State,Phoenix Suns
1,Devin Booker,SG,6-5,206,"October 30, 1996",us,6,Kentucky,Phoenix Suns
99,Jae Crowder,PF,6-6,235,"July 6, 1990",us,9,Marquette,Phoenix Suns
23,Cameron Johnson,PF,6-8,210,"March 3, 1996",us,2,"Pitt, UNC",Phoenix Suns
3,Chris Paul,PG,6-0,175,"May 6, 1985",us,16,Wake Forest,Phoenix Suns
22,Deandre Ayton,C,6-11,250,"July 23, 1998",bs,3,Arizona,Phoenix Suns
15,Cameron Payne,PG,6-1,183,"August 8, 1994",us,6,Murray State,Phoenix Suns
2,Elfrid Payton,PG,6-3,195,"February 22, 1994",us,7,Louisiana,Phoenix Suns
12,Ish Wainright,PF,6-6,250,"September 12, 1994",us,R,Baylor,Phoenix Suns
18,Bismack Biyombo,C,6-8,255,"August 28, 1992",cd,10,,Phoenix Suns
0,Torrey Craig,SF,6-7,221,"December 19, 1990",us,4,USC Upstate,Phoenix Suns
4,Aaron Holiday,PG,6-0,185,"September 30, 1996",us,3,UCLA,Phoenix Suns
19,Gabriel Lundberg  (TW),SG,6-4,203,"December 4, 1994",dk,R,,Phoenix Suns
NA,Dario Šarić,C,6-10,225,"April 8, 1994",hr,5,,Phoenix Suns
13,Jaren Jackson Jr.,PF,6-11,242,"September 15, 1999",us,3,Michigan State,Memphis Grizzlies
22,Desmond Bane,SF,6-5,215,"June 25, 1998",us,1,TCU,Memphis Grizzlies
4,Steven Adams,C,6-11,265,"July 20, 1993",nz,8,Pitt,Memphis Grizzlies
0,De'Anthony Melton,SG,6-2,200,"May 28, 1998",us,3,USC,Memphis Grizzlies
21,Tyus Jones,PG,6-0,196,"May 10, 1996",us,6,Duke,Memphis Grizzlies
46,John Konchar,SG,6-5,210,"March 22, 1996",us,2,Purdue-Fort Wayne,Memphis Grizzlies
1,Kyle Anderson,PF,6-9,230,"September 20, 1993",us,7,UCLA,Memphis Grizzlies
15,Brandon Clarke,PF,6-8,215,"September 19, 1996",ca,2,"San Jose State, Gonzaga",Memphis Grizzlies
8,Ziaire Williams,SF,6-8,215,"September 12, 2001",us,R,Stanford,Memphis Grizzlies
12,Ja Morant,PG,6-3,174,"August 10, 1999",us,2,Murray State,Memphis Grizzlies
2,Xavier Tillman Sr.,PF,6-8,245,"January 12, 1999",us,1,Michigan State,Memphis Grizzlies
23,Jarrett Culver,SG,6-6,195,"February 20, 1999",us,2,Texas Tech,Memphis Grizzlies
35,Killian Tillie,C,6-9,220,"March 5, 1998",fr,1,Gonzaga,Memphis Grizzlies
24,Dillon Brooks,SF,6-7,225,"January 22, 1996",ca,4,Oregon,Memphis Grizzlies
7,Santi Aldama,PF,6-11,224,"January 10, 2001",es,R,Loyola (MD),Memphis Grizzlies
5,Yves Pons  (TW),SF,6-6,215,"May 7, 1999",ht,R,Tennessee,Memphis Grizzlies
25,Sam Merrill,SG,6-4,205,"May 15, 1996",us,1,Utah State University,Memphis Grizzlies
3,Tyrell Terry  (TW),PG,6-2,160,"September 28, 2000",us,1,Stanford,Memphis Grizzlies
5,Kevon Looney,C,6-9,222,"February 6, 1996",us,6,UCLA,Golden State Warriors
3,Jordan Poole,SG,6-4,194,"June 19, 1999",us,2,Michigan,Golden State Warriors
22,Andrew Wiggins,SF,6-7,197,"February 23, 1995",ca,7,Kansas,Golden State Warriors
95,Juan Toscano-Anderson,SF,6-6,209,"April 10, 1993",us,2,Marquette,Golden State Warriors
0,Gary Payton II,PG,6-3,190,"December 1, 1992",us,5,Oregon State,Golden State Warriors
8,Nemanja Bjelica,C,6-10,234,"May 9, 1988",rs,6,,Golden State Warriors
0,Jonathan Kuminga,SF,6-8,210,"October 6, 2002",cd,R,,Golden State Warriors
30,Stephen Curry,PG,6-2,185,"March 14, 1988",us,12,Davidson,Golden State Warriors
32,Otto Porter Jr.,PF,6-8,198,"June 3, 1993",us,8,Georgetown,Golden State Warriors
1,Damion Lee,SG,6-5,210,"October 21, 1992",us,4,"Drexel, Louisville",Golden State Warriors
4,Moses Moody,SG,6-6,205,"May 31, 2002",us,R,Arkansas,Golden State Warriors
23,Draymond Green,PF,6-6,230,"March 4, 1990",us,9,Michigan State,Golden State Warriors
2,Chris Chiozza  (TW),PG,5-11,175,"November 21, 1995",us,3,Florida,Golden State Warriors
11,Klay Thompson,SG,6-6,215,"February 8, 1990",us,8,Washington State,Golden State Warriors
9,Andre Iguodala,SF,6-6,215,"January 28, 1984",us,17,Arizona,Golden State Warriors
12,Quinndary Weatherspoon  (TW),SG,6-3,205,"September 10, 1996",us,2,Mississippi State,Golden State Warriors
NA,James Wiseman,C,7-0,240,"March 31, 2001",us,1,Memphis,Golden State Warriors
7,Dwight Powell,C,6-10,240,"July 20, 1991",ca,7,Stanford,Dallas Mavericks
10,Dorian Finney-Smith,PF,6-7,220,"May 4, 1993",us,5,Florida,Dallas Mavericks
13,Jalen Brunson,PG,6-1,190,"August 31, 1996",us,3,Villanova,Dallas Mavericks
25,Reggie Bullock,SF,6-6,205,"March 16, 1991",us,8,UNC,Dallas Mavericks
8,Josh Green,SG,6-5,200,"November 16, 2000",au,1,Arizona,Dallas Mavericks
77,Luka Dončić,PG,6-7,230,"February 28, 1999",si,3,,Dallas Mavericks
42,Maxi Kleber,PF,6-10,240,"January 29, 1992",de,4,,Dallas Mavericks
21,Frank Ntilikina,PG,6-4,200,"July 28, 1998",be,4,,Dallas Mavericks
0,Sterling Brown,SG,6-5,219,"February 10, 1995",us,4,SMU,Dallas Mavericks
11,Tim Hardaway Jr.,SG,6-5,205,"March 16, 1992",us,8,Michigan,Dallas Mavericks
3,Trey Burke,PG,6-0,185,"November 12, 1992",us,8,Michigan,Dallas Mavericks
32,Marquese Chriss,PF,6-9,240,"July 2, 1997",us,5,Washington,Dallas Mavericks
26,Spencer Dinwiddie,PG,6-5,215,"April 6, 1993",us,7,Colorado,Dallas Mavericks
51,Boban Marjanović,C,7-3,290,"August 15, 1988",rs,6,,Dallas Mavericks
44,Dāvis Bertāns,PF,6-10,225,"November 12, 1992",lv,5,,Dallas Mavericks
1,Theo Pinson  (TW),SF,6-5,212,"November 5, 1995",us,3,UNC,Dallas Mavericks
5,Moses Wright  (TW),PF,6-9,233,"December 23, 1998",us,R,Georgia Tech,Dallas Mavericks
0,Jordan Clarkson,SG,6-4,194,"June 7, 1992",us,7,"Tulsa, Missouri",Utah Jazz
23,Royce O'Neale,SF,6-4,226,"June 5, 1993",us,4,"Denver, Baylor",Utah Jazz
11,Mike Conley,PG,6-1,175,"October 11, 1987",us,14,Ohio State,Utah Jazz
44,Bojan Bogdanović,PF,6-7,226,"April 18, 1989",ba,7,,Utah Jazz
45,Donovan Mitchell,SG,6-1,215,"September 7, 1996",us,4,Louisville,Utah Jazz
27,Rudy Gobert,C,7-1,258,"June 26, 1992",fr,8,,Utah Jazz
21,Hassan Whiteside,C,7-0,265,"June 13, 1989",us,9,Marshall,Utah Jazz
3,Trent Forrest,PG,6-4,210,"June 12, 1998",us,1,Florida State,Utah Jazz
0,Eric Paschall,PF,6-6,255,"November 4, 1996",us,2,"Fordham, Villanova",Utah Jazz
8,Rudy Gay,PF,6-8,250,"August 17, 1986",us,15,UConn,Utah Jazz
13,Jared Butler,SG,6-3,195,"August 25, 2000",us,R,Baylor,Utah Jazz
25,Danuel House Jr.,SF,6-6,220,"June 7, 1993",us,5,Texas A&M,Utah Jazz
41,Juancho Hernangómez,PF,6-9,214,"September 28, 1995",es,5,,Utah Jazz
20,Udoka Azubuike,C,6-10,280,"September 17, 1999",ng,1,Kansas,Utah Jazz
6,Nickeil Alexander-Walker,SG,6-6,205,"September 2, 1998",ca,2,Virginia Tech,Utah Jazz
19,Xavier Sneed  (TW),SF,6-5,215,"December 21, 1997",us,R,Kansas State,Utah Jazz
50,Aaron Gordon,PF,6-8,235,"September 16, 1995",us,7,Arizona,Denver Nuggets
11,Monte Morris,PG,6-2,183,"June 27, 1995",us,4,Iowa State,Denver Nuggets
32,Jeff Green,C,6-8,235,"August 28, 1986",us,13,Georgetown,Denver Nuggets
15,Nikola Jokić,C,6-11,284,"February 19, 1995",rs,6,,Denver Nuggets
5,Will Barton,SG,6-6,181,"January 6, 1991",us,9,Memphis,Denver Nuggets
3,Bones Hyland,PG,6-3,173,"September 14, 2000",us,R,VCU,Denver Nuggets
0,JaMychal Green,PF,6-8,227,"June 21, 1990",us,7,Alabama,Denver Nuggets
25,Austin Rivers,SG,6-4,200,"August 1, 1992",us,9,Duke,Denver Nuggets
7,Facundo Campazzo,PG,5-10,195,"March 23, 1991",ar,1,,Denver Nuggets
9,Davon Reed  (TW),SG,6-5,208,"June 11, 1995",us,2,Miami (FL),Denver Nuggets
22,Zeke Nnaji,PF,6-9,240,"January 9, 2001",us,1,Arizona,Denver Nuggets
6,Bryn Forbes,SG,6-2,205,"July 23, 1993",us,5,Michigan State,Denver Nuggets
4,DeMarcus Cousins,C,6-10,270,"August 13, 1990",us,10,Kentucky,Denver Nuggets
0,Markus Howard  (TW),SG,5-10,175,"March 3, 1999",us,1,Marquette,Denver Nuggets
31,Vlatko Čančar,PF,6-8,236,"April 10, 1997",si,2,,Denver Nuggets
1,Michael Porter Jr.,SF,6-10,218,"June 29, 1998",us,2,Missouri,Denver Nuggets
NA,Jamal Murray,PG,6-3,215,"February 23, 1997",ca,5,Kentucky,Denver Nuggets
5,Malik Beasley,SG,6-4,187,"November 26, 1996",us,5,Florida State,Minnesota Timberwolves
11,Naz Reid,C,6-9,264,"August 26, 1999",us,2,LSU,Minnesota Timberwolves
32,Karl-Anthony Towns,C,6-11,248,"November 15, 1995",us,6,Kentucky,Minnesota Timberwolves
8,Jarred Vanderbilt,PF,6-9,214,"April 3, 1999",us,3,Kentucky,Minnesota Timberwolves
1,Anthony Edwards,SG,6-4,225,"August 5, 2001",us,1,Georgia,Minnesota Timberwolves
3,Jaden McDaniels,PF,6-9,185,"September 29, 2000",us,1,Washington,Minnesota Timberwolves
12,Taurean Prince,PF,6-7,218,"March 22, 1994",us,5,Baylor,Minnesota Timberwolves
0,D'Angelo Russell,PG,6-4,193,"February 23, 1996",us,6,Ohio State,Minnesota Timberwolves
4,Jaylen Nowell,SG,6-4,201,"July 9, 1999",us,2,Washington,Minnesota Timberwolves
6,Jordan McLaughlin,PG,5-11,185,"April 9, 1996",us,2,USC,Minnesota Timberwolves
22,Patrick Beverley,PG,6-1,180,"July 12, 1988",us,9,Arkansas,Minnesota Timberwolves
20,Josh Okogie,SG,6-4,213,"September 1, 1998",ng,3,Georgia Tech,Minnesota Timberwolves
13,Nathan Knight  (TW),PF,6-10,253,"September 20, 1997",us,1,William & Mary,Minnesota Timberwolves
9,Leandro Bolmaro,SF,6-6,200,"September 11, 2000",ar,R,,Minnesota Timberwolves
10,Jake Layman,SF,6-8,209,"March 7, 1994",us,5,Maryland,Minnesota Timberwolves
25,McKinley Wright IV  (TW),PG,6-0,196,"October 25, 1998",us,R,Colorado,Minnesota Timberwolves
55,Greg Monroe,C,6-11,265,"June 4, 1990",us,9,Georgetown,Minnesota Timberwolves
14,Terance Mann,SF,6-5,215,"October 18, 1996",us,2,Florida State,Los Angeles Clippers
40,Ivica Zubac,C,7-0,240,"March 18, 1997",ba,5,,Los Angeles Clippers
1,Reggie Jackson,SG,6-2,208,"April 16, 1990",it,10,Boston College,Los Angeles Clippers
5,Luke Kennard,SG,6-5,206,"June 24, 1996",us,4,Duke,Los Angeles Clippers
7,Amir Coffey,SG,6-7,210,"June 17, 1997",us,2,Minnesota,Los Angeles Clippers
55,Isaiah Hartenstein,C,7-0,250,"May 5, 1998",us,3,,Los Angeles Clippers
33,Nicolas Batum,PF,6-8,230,"December 14, 1988",fr,13,,Los Angeles Clippers
8,Marcus Morris,PF,6-8,218,"September 2, 1989",us,10,Kansas,Los Angeles Clippers
4,Brandon Boston Jr.,SG,6-7,185,"November 28, 2001",us,R,Kentucky,Los Angeles Clippers
13,Paul George,SF,6-8,220,"May 2, 1990",us,11,Fresno State,Los Angeles Clippers
23,Robert Covington,SF,6-7,209,"December 14, 1990",us,8,Tennessee State,Los Angeles Clippers
0,Jay Scrubb  (TW),SG,6-5,220,"September 1, 2000",us,1,John A. Logan College,Los Angeles Clippers
22,Rodney Hood,SG,6-8,208,"October 20, 1992",us,7,"Mississippi State, Duke",Los Angeles Clippers
15,Xavier Moon  (TW),SG,6-2,165,"January 2, 1995",us,R,"Northwest Florida State College, Morehead State University",Los Angeles Clippers
24,Norman Powell,SG,6-3,215,"May 25, 1993",us,6,UCLA,Los Angeles Clippers
NA,Jason Preston,PG,6-4,187,"August 10, 1999",us,R,Ohio University,Los Angeles Clippers
NA,Kawhi Leonard,SF,6-7,225,"June 29, 1991",us,10,San Diego State,Los Angeles Clippers
5,Herbert Jones,PF,6-8,210,"October 6, 1998",us,R,Alabama,New Orleans Pelicans
4,Devonte' Graham,PG,6-1,195,"February 22, 1995",us,3,Kansas,New Orleans Pelicans
17,Jonas Valančiūnas,C,6-11,265,"May 6, 1992",lt,9,,New Orleans Pelicans
10,Jaxson Hayes,C,6-11,220,"May 23, 2000",us,2,Texas,New Orleans Pelicans
25,Trey Murphy III,SF,6-9,206,"June 18, 2000",us,R,"Rice University, Virginia",New Orleans Pelicans
41,Garrett Temple,SG,6-5,195,"May 8, 1986",us,11,LSU,New Orleans Pelicans
14,Brandon Ingram,SF,6-8,190,"September 2, 1997",us,5,Duke,New Orleans Pelicans
8,Naji Marshall,SF,6-7,220,"January 24, 1998",us,1,Xavier,New Orleans Pelicans
15,Jose Alvarado,PG,6-0,179,"April 12, 1998",us,R,Georgia Tech,New Orleans Pelicans
9,Willy Hernangómez,C,6-11,250,"May 27, 1994",es,5,,New Orleans Pelicans
12,Gary Clark  (TW),PF,6-6,225,"November 16, 1994",us,3,Cincinnati,New Orleans Pelicans
3,CJ McCollum,SG,6-3,190,"September 19, 1991",us,8,Lehigh,New Orleans Pelicans
13,Kira Lewis Jr.,PG,6-1,170,"April 6, 2001",us,1,Alabama,New Orleans Pelicans
21,Tony Snell,SG,6-6,213,"November 10, 1991",us,8,New Mexico,New Orleans Pelicans
22,Larry Nance Jr.,PF,6-7,245,"January 1, 1993",us,6,Wyoming,New Orleans Pelicans
2,Jared Harper  (TW),PG,5-10,175,"September 14, 1997",us,2,Auburn,New Orleans Pelicans
NA,Zion Williamson,PF,6-6,284,"July 6, 2000",us,2,Duke,New Orleans Pelicans
3,Keldon Johnson,SF,6-5,220,"October 11, 1999",us,2,Kentucky,San Antonio Spurs
24,Devin Vassell,SF,6-5,200,"August 23, 2000",us,1,Florida State,San Antonio Spurs
1,Lonnie Walker IV,SG,6-4,204,"December 14, 1998",us,3,Miami (FL),San Antonio Spurs
33,Tre Jones,PG,6-1,185,"January 8, 2000",us,1,Duke,San Antonio Spurs
5,Dejounte Murray,PG,6-4,180,"September 19, 1996",us,4,Washington,San Antonio Spurs
25,Jakob Poeltl,C,7-1,245,"October 15, 1995",at,5,Utah,San Antonio Spurs
31,Keita Bates-Diop,SF,6-8,229,"January 23, 1996",us,3,Ohio State,San Antonio Spurs
34,Jock Landale,C,6-11,256,"October 25, 1995",au,R,Saint Mary's,San Antonio Spurs
17,Doug McDermott,PF,6-7,225,"January 3, 1992",us,7,Creighton,San Antonio Spurs
11,Joshua Primo,SG,6-6,190,"December 24, 2002",ca,R,Alabama,San Antonio Spurs
15,Joe Wieskamp,SG,6-6,212,"August 23, 1999",us,R,Iowa,San Antonio Spurs
23,Zach Collins,PF,6-11,250,"November 19, 1997",us,3,Gonzaga,San Antonio Spurs
7,Josh Richardson,SG,6-5,200,"September 15, 1993",us,6,Tennessee,San Antonio Spurs
18,Devontae Cacok,PF,6-7,240,"October 8, 1996",us,2,UNC Wilmington,San Antonio Spurs
35,Romeo Langford,SG,6-4,216,"October 25, 1999",us,2,Indiana,San Antonio Spurs
NA,D. J. Stewart Jr.  (TW),SG,6-6,205,"July 28, 1999",us,R,Mississippi State,San Antonio Spurs
NA,Robert Woodard II  (TW),SF,6-6,235,"September 22, 1999",us,1,Mississippi State,San Antonio Spurs
0,Russell Westbrook,PG,6-3,200,"November 12, 1988",us,13,UCLA,Los Angeles Lakers
11,Malik Monk,SG,6-3,200,"February 4, 1998",us,4,Kentucky,Los Angeles Lakers
7,Carmelo Anthony,PF,6-7,238,"May 29, 1984",us,18,Syracuse,Los Angeles Lakers
20,Avery Bradley,SG,6-3,180,"November 26, 1990",us,11,Texas,Los Angeles Lakers
15,Austin Reaves,SG,6-5,206,"May 29, 1998",us,R,"Wichita State, Oklahoma",Los Angeles Lakers
5,Talen Horton-Tucker,SG,6-4,234,"November 25, 2000",us,2,Iowa State,Los Angeles Lakers
39,Dwight Howard,C,6-10,265,"December 8, 1985",us,17,,Los Angeles Lakers
6,LeBron James,SF,6-9,250,"December 30, 1984",us,18,,Los Angeles Lakers
14,Stanley Johnson,PF,6-6,242,"May 29, 1996",us,6,Arizona,Los Angeles Lakers
2,Wayne Ellington,SG,6-4,207,"November 29, 1987",us,12,UNC,Los Angeles Lakers
3,Anthony Davis,C,6-10,253,"March 11, 1993",us,9,Kentucky,Los Angeles Lakers
9,Kent Bazemore,SF,6-4,195,"July 1, 1989",us,9,Old Dominion,Los Angeles Lakers
4,D.J. Augustin,PG,5-11,183,"November 10, 1987",us,13,Texas,Los Angeles Lakers
35,Wenyen Gabriel,PF,6-9,205,"March 26, 1997",sd,2,Kentucky,Los Angeles Lakers
40,Mason Jones  (TW),SG,6-4,200,"July 21, 1998",us,1,"Connors State College, Arkansas",Los Angeles Lakers
37,Mac McClung  (TW),SG,6-2,185,"January 6, 1999",us,R,"Georgetown, Texas Tech",Los Angeles Lakers
NA,Kendrick Nunn,PG,6-2,190,"August 3, 1995",us,2,"Illinois, Oakland",Los Angeles Lakers
40,Harrison Barnes,PF,6-8,225,"May 30, 1992",us,9,UNC,Sacramento Kings
15,Davion Mitchell,PG,6-2,205,"September 5, 1998",us,R,"Auburn, Baylor",Sacramento Kings
7,Chimezie Metu,C,6-9,225,"March 22, 1997",us,3,USC,Sacramento Kings
5,De'Aaron Fox,PG,6-3,185,"December 20, 1997",us,4,Kentucky,Sacramento Kings
30,Damian Jones,C,6-11,245,"June 30, 1995",us,5,Vanderbilt,Sacramento Kings
8,Maurice Harkless,SF,6-7,220,"May 11, 1993",us,9,St. John's,Sacramento Kings
22,Richaun Holmes,C,6-10,235,"October 15, 1993",us,6,Bowling Green,Sacramento Kings
25,Alex Len,C,7-0,250,"June 16, 1993",ua,8,Maryland,Sacramento Kings
3,Terence Davis,SG,6-4,201,"May 16, 1997",us,2,Ole Miss,Sacramento Kings
0,Donte DiVincenzo,SG,6-4,203,"January 31, 1997",us,3,Villanova,Sacramento Kings
9,Justin Holiday,SG,6-6,180,"April 5, 1989",us,8,Washington,Sacramento Kings
41,Trey Lyles,PF,6-9,234,"November 5, 1995",ca,6,Kentucky,Sacramento Kings
26,Jeremy Lamb,SG,6-5,180,"May 30, 1992",us,9,UConn,Sacramento Kings
10,Domantas Sabonis,PF,6-11,240,"May 3, 1996",us,5,Gonzaga,Sacramento Kings
88,Neemias Queta  (TW),C,7-0,245,"July 13, 1999",pt,R,Utah State University,Sacramento Kings
55,Josh Jackson,SF,6-8,207,"February 10, 1997",us,4,Kansas,Sacramento Kings
23,Ben McLemore,SG,6-3,195,"February 11, 1993",us,8,Kansas,Portland Trail Blazers
16,CJ Elleby,SF,6-6,200,"June 16, 2000",us,1,Washington State,Portland Trail Blazers
1,Anfernee Simons,SG,6-3,181,"June 8, 1999",us,3,,Portland Trail Blazers
27,Jusuf Nurkić,C,6-11,290,"August 23, 1994",ba,7,,Portland Trail Blazers
2,Trendon Watford,SF,6-9,240,"November 9, 2000",us,R,LSU,Portland Trail Blazers
4,Greg Brown III,SF,6-9,205,"September 1, 2001",us,R,Texas,Portland Trail Blazers
9,Nassir Little,SF,6-5,220,"February 11, 2000",us,2,UNC,Portland Trail Blazers
21,Keljin Blevins  (TW),SF,6-4,200,"November 24, 1995",us,1,"Southern Miss, Montana State",Portland Trail Blazers
0,Damian Lillard,PG,6-2,195,"July 15, 1990",us,9,Weber State,Portland Trail Blazers
"5, 8",Brandon Williams  (TW),PG,6-2,190,"November 22, 1999",us,R,Arizona,Portland Trail Blazers
6,Keon Johnson,SG,6-5,186,"March 10, 2002",us,R,Tennessee,Portland Trail Blazers
19,Elijah Hughes,SG,6-5,215,"March 10, 1998",us,1,"Syracuse, East Carolina University",Portland Trail Blazers
11,Josh Hart,SF,6-5,215,"March 6, 1995",us,4,Villanova,Portland Trail Blazers
26,Justise Winslow,SF,6-6,222,"March 26, 1996",us,6,Duke,Portland Trail Blazers
35,Didi Louzada,SG,6-5,188,"February 7, 1999",br,1,,Portland Trail Blazers
,Joe Ingles,SF,6-8,220,"October 2, 1987",au,7,,Portland Trail Blazers
,Eric Bledsoe,PG,6-1,214,"December 9, 1989",us,11,Kentucky,Portland Trail Blazers
7,Darius Bazley,PF,6-8,208,"June 12, 2000",us,2,,Oklahoma City Thunder
17,Aleksej Pokusevski,PF,7-0,190,"December 26, 2001",rs,1,,Oklahoma City Thunder
23,Tre Mann,PG,6-3,178,"February 3, 2001",us,R,Florida,Oklahoma City Thunder
2,Shai Gilgeous-Alexander,PG,6-6,180,"July 12, 1998",ca,3,Kentucky,Oklahoma City Thunder
3,Josh Giddey,SG,6-8,210,"October 10, 2002",au,R,,Oklahoma City Thunder
5,Luguentz Dort,SF,6-3,215,"April 19, 1999",ca,2,Arizona State,Oklahoma City Thunder
11,Théo Maledon,PG,6-4,175,"June 12, 2001",fr,1,,Oklahoma City Thunder
21,Aaron Wiggins,SG,6-6,200,"January 2, 1999",us,R,Maryland,Oklahoma City Thunder
50,Jeremiah Robinson-Earl,C,6-9,230,"November 3, 2000",us,R,Villanova,Oklahoma City Thunder
34,Kenrich Williams,SF,6-6,210,"December 2, 1994",us,3,TCU,Oklahoma City Thunder
16,Ty Jerome,SG,6-5,195,"July 8, 1997",us,2,Virginia,Oklahoma City Thunder
22,Isaiah Roby,PF,6-8,230,"February 3, 1998",us,2,Nebraska,Oklahoma City Thunder
33,Mike Muscala,C,6-10,240,"July 1, 1991",us,8,Bucknell,Oklahoma City Thunder
15,Derrick Favors,C,6-9,265,"July 15, 1991",us,11,Georgia Tech,Oklahoma City Thunder
27,Vit Krejci,SG,6-8,195,"June 19, 2000",cz,R,,Oklahoma City Thunder
12,Lindy Waters III  (TW),SG,6-6,215,"July 28, 1997",us,R,Oklahoma State,Oklahoma City Thunder
6,Gabriel Deck,PF,6-8,232,"February 8, 1995",ar,1,,Oklahoma City Thunder
6,Melvin Frazier,SG,6-5,215,"August 30, 1996",us,2,Tulane,Oklahoma City Thunder
6,Kenyon Martin Jr.,SF,6-6,215,"January 6, 2001",us,1,,Houston Rockets
8,Jae'Sean Tate,SF,6-4,230,"October 28, 1995",us,1,Ohio State,Houston Rockets
9,Josh Christopher,SG,6-5,215,"December 8, 2001",us,R,Arizona State,Houston Rockets
28,Alperen Şengün,C,6-9,235,"July 25, 2002",tr,R,,Houston Rockets
35,Christian Wood,C,6-10,214,"September 27, 1995",us,5,UNLV,Houston Rockets
0,Jalen Green,SG,6-4,178,"February 9, 2002",us,R,,Houston Rockets
25,Garrison Mathews,SG,6-5,215,"October 24, 1996",us,2,Lipscomb,Houston Rockets
3,Kevin Porter Jr.,PG,6-4,203,"May 4, 2000",us,2,USC,Houston Rockets
10,Eric Gordon,SG,6-3,215,"December 25, 1988",us,13,Indiana,Houston Rockets
2,David Nwaba,SF,6-5,219,"January 14, 1993",us,5,Cal Poly,Houston Rockets
15,Daishen Nix,SG,6-5,224,"February 13, 2002",us,R,,Houston Rockets
16,Usman Garuba,PF,6-8,220,"March 9, 2002",es,R,,Houston Rockets
17,Dennis Schröder,PG,6-3,172,"September 15, 1993",de,8,,Houston Rockets
20,Bruno Fernando,C,6-9,240,"August 15, 1998",ao,2,Maryland,Houston Rockets
21,Trevelin Queen  (TW),SG,6-6,190,"February 25, 1997",us,R,"College of Marin, New Mexico Military Institute, New Mexico State",Houston Rockets
NA,John Wall,PG,6-3,210,"September 6, 1990",us,10,Kentucky,Houston Rockets
NA,Anthony Lamb  (TW),SF,6-6,227,"January 20, 1998",us,1,University of Vermont,Houston Rockets
